sample_name	calf_id	timepoints	sample_origin	host_sex
1_1	1	T1	Feces	M
10_1	10	T1	Feces	F
11_1	11	T1	Feces	F
12_1	12	T1	Feces	M
13_1	13	T1	Feces	F
14_1	14	T1	Feces	M
15_1	15	T1	Feces	M
16_1	16	T1	Feces	M
17_1	17	T1	Feces	F
18_1	18	T1	Feces	M
19_1	19	T1	Feces	M
2_1	2	T1	Feces	M
20_1	20	T1	Feces	M
21_1	21	T1	Feces	F
22_1	22	T1	Feces	M
23_1	23	T1	Feces	F
24_1	24	T1	Feces	M
25_1	25	T1	Feces	M
26_1	26	T1	Feces	M
27_1	27	T1	Feces	F
28_1	28	T1	Feces	M
29_1	29	T1	Feces	M
3_1	3	T1	Feces	M
30_1	30	T1	Feces	F
31_1	31	T1	Feces	F
32_1	32	T1	Feces	M
33_1	33	T1	Feces	M
34_1	34	T1	Feces	M
35_1	35	T1	Feces	F
36_1	36	T1	Feces	M
37_1	37	T1	Feces	F
38_1	38	T1	Feces	M
39_1	39	T1	Feces	M
4_1	4	T1	Feces	F
40_1	40	T1	Feces	F
41_1	41	T1	Feces	F
42_1	42	T1	Feces	F
43_1	43	T1	Feces	M
44_1	44	T1	Feces	F
45_1	45	T1	Feces	M
46_1	46	T1	Feces	F
47_1	47	T1	Feces	M
48_1	48	T1	Feces	F
49_1	49	T1	Feces	M
5_1	5	T1	Feces	F
50_1	50	T1	Feces	M
51_1	51	T1	Feces	M
52_1	52	T1	Feces	M
53_1	53	T1	Feces	F
54_1	54	T1	Feces	M
55_1	55	T1	Feces	F
56_1	56	T1	Feces	M
57_1	57	T1	Feces	M
6_1	6	T1	Feces	M
7_1	7	T1	Feces	F
8_1	8	T1	Feces	M
9_1	9	T1	Feces	M
1_2	1	T2	Feces	M
10_2	10	T2	Feces	F
11_2	11	T2	Feces	F
12_2	12	T2	Feces	M
13_2	13	T2	Feces	F
14_2	14	T2	Feces	M
15_2	15	T2	Feces	M
16_2	16	T2	Feces	M
17_2	17	T2	Feces	F
18_2	18	T2	Feces	M
19_2	19	T2	Feces	M
2_2	2	T2	Feces	M
20_2	20	T2	Feces	M
21_2	21	T2	Feces	F
22_2	22	T2	Feces	M
23_2	23	T2	Feces	F
24_2	24	T2	Feces	M
25_2	25	T2	Feces	M
26_2	26	T2	Feces	M
27_2	27	T2	Feces	F
28_2	28	T2	Feces	M
29_2	29	T2	Feces	M
3_2	3	T2	Feces	M
30_2	30	T2	Feces	F
31_2	31	T2	Feces	F
32_2	32	T2	Feces	M
33_2	33	T2	Feces	M
34_2	34	T2	Feces	M
35_2	35	T2	Feces	F
36_2	36	T2	Feces	M
37_2	37	T2	Feces	F
38_2	38	T2	Feces	M
39_2	39	T2	Feces	M
4_2	4	T2	Feces	F
40_2	40	T2	Feces	F
41_2	41	T2	Feces	F
42_2	42	T2	Feces	F
43_2	43	T2	Feces	M
44_2	44	T2	Feces	F
45_2	45	T2	Feces	M
46_2	46	T2	Feces	F
47_2	47	T2	Feces	M
48_2	48	T2	Feces	F
49_2	49	T2	Feces	M
5_2	5	T2	Feces	F
50_2	50	T2	Feces	M
51_2	51	T2	Feces	M
6_2	6	T2	Feces	M
7_2	7	T2	Feces	F
8_2	8	T2	Feces	M
9_2	9	T2	Feces	M
1_3	1	T3	Feces	M
10_3	10	T3	Feces	F
11_3	11	T3	Feces	F
12_3	12	T3	Feces	M
13_3	13	T3	Feces	F
14_3	14	T3	Feces	M
15_3	15	T3	Feces	M
16_3	16	T3	Feces	M
17_3	17	T3	Feces	F
18_3	18	T3	Feces	M
19_3	19	T3	Feces	M
2_3	2	T3	Feces	M
20_3	20	T3	Feces	M
21_3	21	T3	Feces	F
22_3	22	T3	Feces	M
23_3	23	T3	Feces	F
24_3	24	T3	Feces	M
25_3	25	T3	Feces	M
26_3	26	T3	Feces	M
27_3	27	T3	Feces	F
28_3	28	T3	Feces	M
29_3	29	T3	Feces	M
3_3	3	T3	Feces	M
30_3	30	T3	Feces	F
31_3	31	T3	Feces	F
32_3	32	T3	Feces	M
33_3	33	T3	Feces	M
34_3	34	T3	Feces	M
35_3	35	T3	Feces	F
36_3	36	T3	Feces	M
37_3	37	T3	Feces	F
38_3	38	T3	Feces	M
39_3	39	T3	Feces	M
4_3	4	T3	Feces	F
40_3	40	T3	Feces	F
41_3	41	T3	Feces	F
42_3	42	T3	Feces	F
43_3	43	T3	Feces	M
44_3	44	T3	Feces	F
45_3	45	T3	Feces	M
46_3	46	T3	Feces	F
47_3	47	T3	Feces	M
48_3	48	T3	Feces	F
49_3	49	T3	Feces	M
5_3	5	T3	Feces	F
50_3	50	T3	Feces	M
51_3	51	T3	Feces	M
6_3	6	T3	Feces	M
7_3	7	T3	Feces	F
8_3	8	T3	Feces	M
9_3	9	T3	Feces	M
1_4	1	T4	Feces	M
10_4	10	T4	Feces	F
11_4	11	T4	Feces	F
12_4	12	T4	Feces	M
13_4	13	T4	Feces	F
14_4	14	T4	Feces	M
15_4	15	T4	Feces	M
16_4	16	T4	Feces	M
17_4	17	T4	Feces	F
18_4	18	T4	Feces	M
19_4	19	T4	Feces	M
2_4	2	T4	Feces	M
20_4	20	T4	Feces	M
21_4	21	T4	Feces	F
22_4	22	T4	Feces	M
23_4	23	T4	Feces	F
24_4	24	T4	Feces	M
25_4	25	T4	Feces	M
26_4	26	T4	Feces	M
27_4	27	T4	Feces	F
28_4	28	T4	Feces	M
29_4	29	T4	Feces	M
3_4	3	T4	Feces	M
30_4	30	T4	Feces	F
31_4	31	T4	Feces	F
32_4	32	T4	Feces	M
33_4	33	T4	Feces	M
34_4	34	T4	Feces	M
35_4	35	T4	Feces	F
36_4	36	T4	Feces	M
37_4	37	T4	Feces	F
38_4	38	T4	Feces	M
39_4	39	T4	Feces	M
4_4	4	T4	Feces	F
40_4	40	T4	Feces	F
41_4	41	T4	Feces	F
42_4	42	T4	Feces	F
43_4	43	T4	Feces	M
44_4	44	T4	Feces	F
45_4	45	T4	Feces	M
46_4	46	T4	Feces	F
47_4	47	T4	Feces	M
48_4	48	T4	Feces	F
49_4	49	T4	Feces	M
5_4	5	T4	Feces	F
50_4	50	T4	Feces	M
51_4	51	T4	Feces	M
6_4	6	T4	Feces	M
7_4	7	T4	Feces	F
8_4	8	T4	Feces	M
9_4	9	T4	Feces	M
1_5	1	T5	Feces	M
10_5	10	T5	Feces	F
11_5	11	T5	Feces	F
12_5	12	T5	Feces	M
13_5	13	T5	Feces	F
14_5	14	T5	Feces	M
15_5	15	T5	Feces	M
16_5	16	T5	Feces	M
17_5	17	T5	Feces	F
18_5	18	T5	Feces	M
19_5	19	T5	Feces	M
2_5	2	T5	Feces	M
20_5	20	T5	Feces	M
21_5	21	T5	Feces	F
22_5	22	T5	Feces	M
23_5	23	T5	Feces	F
24_5	24	T5	Feces	M
25_5	25	T5	Feces	M
26_5	26	T5	Feces	M
27_5	27	T5	Feces	F
28_5	28	T5	Feces	M
29_5	29	T5	Feces	M
3_5	3	T5	Feces	M
30_5	30	T5	Feces	F
31_5	31	T5	Feces	F
32_5	32	T5	Feces	M
33_5	33	T5	Feces	M
34_5	34	T5	Feces	M
35_5	35	T5	Feces	F
36_5	36	T5	Feces	M
37_5	37	T5	Feces	F
38_5	38	T5	Feces	M
39_5	39	T5	Feces	M
4_5	4	T5	Feces	F
40_5	40	T5	Feces	F
41_5	41	T5	Feces	F
42_5	42	T5	Feces	F
43_5	43	T5	Feces	M
44_5	44	T5	Feces	F
45_5	45	T5	Feces	M
46_5	46	T5	Feces	F
47_5	47	T5	Feces	M
48_5	48	T5	Feces	F
49_5	49	T5	Feces	M
5_5	5	T5	Feces	F
50_5	50	T5	Feces	M
51_5	51	T5	Feces	M
6_5	6	T5	Feces	M
7_5	7	T5	Feces	F
8_5	8	T5	Feces	M
9_5	9	T5	Feces	M
1_6	1	T6	Feces	M
10_6	10	T6	Feces	F
11_6	11	T6	Feces	F
12_6	12	T6	Feces	M
13_6	13	T6	Feces	F
14_6	14	T6	Feces	M
15_6	15	T6	Feces	M
16_6	16	T6	Feces	M
17_6	17	T6	Feces	F
18_6	18	T6	Feces	M
19_6	19	T6	Feces	M
2_6	2	T6	Feces	M
20_6	20	T6	Feces	M
21_6	21	T6	Feces	F
22_6	22	T6	Feces	M
23_6	23	T6	Feces	F
24_6	24	T6	Feces	M
25_6	25	T6	Feces	M
26_6	26	T6	Feces	M
27_6	27	T6	Feces	F
28_6	28	T6	Feces	M
29_6	29	T6	Feces	M
3_6	3	T6	Feces	M
30_6	30	T6	Feces	F
31_6	31	T6	Feces	F
32_6	32	T6	Feces	M
33_6	33	T6	Feces	M
34_6	34	T6	Feces	M
35_6	35	T6	Feces	F
36_6	36	T6	Feces	M
37_6	37	T6	Feces	F
38_6	38	T6	Feces	M
39_6	39	T6	Feces	M
4_6	4	T6	Feces	F
40_6	40	T6	Feces	F
41_6	41	T6	Feces	F
42_6	42	T6	Feces	F
43_6	43	T6	Feces	M
44_6	44	T6	Feces	F
45_6	45	T6	Feces	M
46_6	46	T6	Feces	F
47_6	47	T6	Feces	M
48_6	48	T6	Feces	F
49_6	49	T6	Feces	M
5_6	5	T6	Feces	F
50_6	50	T6	Feces	M
51_6	51	T6	Feces	M
6_6	6	T6	Feces	M
7_6	7	T6	Feces	F
8_6	8	T6	Feces	M
9_6	9	T6	Feces	M
1_7	1	T7	Feces	M
10_7	10	T7	Feces	F
11_7	11	T7	Feces	F
12_7	12	T7	Feces	M
13_7	13	T7	Feces	F
14_7	14	T7	Feces	M
15_7	15	T7	Feces	M
16_7	16	T7	Feces	M
17_7	17	T7	Feces	F
18_7	18	T7	Feces	M
19_7	19	T7	Feces	M
2_7	2	T7	Feces	M
20_7	20	T7	Feces	M
21_7	21	T7	Feces	F
22_7	22	T7	Feces	M
23_7	23	T7	Feces	F
24_7	24	T7	Feces	M
25_7	25	T7	Feces	M
26_7	26	T7	Feces	M
27_7	27	T7	Feces	F
28_7	28	T7	Feces	M
29_7	29	T7	Feces	M
3_7	3	T7	Feces	M
30_7	30	T7	Feces	F
31_7	31	T7	Feces	F
32_7	32	T7	Feces	M
33_7	33	T7	Feces	M
34_7	34	T7	Feces	M
35_7	35	T7	Feces	F
36_7	36	T7	Feces	M
37_7	37	T7	Feces	F
38_7	38	T7	Feces	M
39_7	39	T7	Feces	M
4_7	4	T7	Feces	F
40_7	40	T7	Feces	F
41_7	41	T7	Feces	F
42_7	42	T7	Feces	F
43_7	43	T7	Feces	M
44_7	44	T7	Feces	F
45_7	45	T7	Feces	M
46_7	46	T7	Feces	F
47_7	47	T7	Feces	M
48_7	48	T7	Feces	F
49_7	49	T7	Feces	M
5_7	5	T7	Feces	F
50_7	50	T7	Feces	M
51_7	51	T7	Feces	M
52_7	52	T7	Feces	M
53_7	53	T7	Feces	F
54_7	54	T7	Feces	M
55_7	55	T7	Feces	F
56_7	56	T7	Feces	M
57_7	57	T7	Feces	M
6_7	6	T7	Feces	M
7_7	7	T7	Feces	F
8_7	8	T7	Feces	M
9_7	9	T7	Feces	M
1_8	1	T8	Feces	M
10_8	10	T8	Feces	F
11_8	11	T8	Feces	F
12_8	12	T8	Feces	M
13_8	13	T8	Feces	F
14_8	14	T8	Feces	M
15_8	15	T8	Feces	M
16_8	16	T8	Feces	M
17_8	17	T8	Feces	F
18_8	18	T8	Feces	M
19_8	19	T8	Feces	M
2_8	2	T8	Feces	M
20_8	20	T8	Feces	M
21_8	21	T8	Feces	F
22_8	22	T8	Feces	M
23_8	23	T8	Feces	F
24_8	24	T8	Feces	M
25_8	25	T8	Feces	M
26_8	26	T8	Feces	M
27_8	27	T8	Feces	F
28_8	28	T8	Feces	M
29_8	29	T8	Feces	M
3_8	3	T8	Feces	M
30_8	30	T8	Feces	F
31_8	31	T8	Feces	F
32_8	32	T8	Feces	M
33_8	33	T8	Feces	M
34_8	34	T8	Feces	M
35_8	35	T8	Feces	F
36_8	36	T8	Feces	M
37_8	37	T8	Feces	F
38_8	38	T8	Feces	M
39_8	39	T8	Feces	M
4_8	4	T8	Feces	F
40_8	40	T8	Feces	F
41_8	41	T8	Feces	F
42_8	42	T8	Feces	F
43_8	43	T8	Feces	M
44_8	44	T8	Feces	F
45_8	45	T8	Feces	M
46_8	46	T8	Feces	F
47_8	47	T8	Feces	M
48_8	48	T8	Feces	F
49_8	49	T8	Feces	M
5_8	5	T8	Feces	F
50_8	50	T8	Feces	M
51_8	51	T8	Feces	M
6_8	6	T8	Feces	M
7_8	7	T8	Feces	F
8_8	8	T8	Feces	M
9_8	9	T8	Feces	M
10_9L	10	T9	Large_intestine	F
10_9R	10	T9	Rumen	F
10_9S	10	T9	Small_intestine	F
11_9L	11	T9	Large_intestine	F
11_9R	11	T9	Rumen	F
11_9S	11	T9	Small_intestine	F
12_9L	12	T9	Large_intestine	M
12_9R	12	T9	Rumen	M
12_9S	12	T9	Small_intestine	M
13_9L	13	T9	Large_intestine	F
13_9R	13	T9	Rumen	F
13_9S	13	T9	Small_intestine	F
14_9L	14	T9	Large_intestine	M
14_9R	14	T9	Rumen	M
14_9S	14	T9	Small_intestine	M
15_9L	15	T9	Large_intestine	M
15_9R	15	T9	Rumen	M
15_9S	15	T9	Small_intestine	M
16_9L	16	T9	Large_intestine	M
16_9R	16	T9	Rumen	M
16_9S	16	T9	Small_intestine	M
17_9L	17	T9	Large_intestine	F
17_9R	17	T9	Rumen	F
17_9S	17	T9	Small_intestine	F
1_9L	1	T9	Large_intestine	M
1_9R	1	T9	Rumen	M
1_9S	1	T9	Small_intestine	M
21_9L	21	T9	Large_intestine	F
21_9R	21	T9	Rumen	F
21_9S	21	T9	Small_intestine	F
23_9L	23	T9	Large_intestine	F
23_9R	23	T9	Rumen	F
23_9S	23	T9	Small_intestine	F
27_9L	27	T9	Large_intestine	F
27_9R	27	T9	Rumen	F
27_9S	27	T9	Small_intestine	F
2_9L	2	T9	Large_intestine	M
2_9R	2	T9	Rumen	M
2_9S	2	T9	Small_intestine	M
3_9L	3	T9	Large_intestine	M
3_9R	3	T9	Rumen	M
3_9S	3	T9	Small_intestine	M
4_9L	4	T9	Large_intestine	F
4_9R	4	T9	Rumen	F
4_9S	4	T9	Small_intestine	F
5_9L	5	T9	Large_intestine	F
5_9R	5	T9	Rumen	F
5_9S	5	T9	Small_intestine	F
6_9L	6	T9	Large_intestine	M
6_9R	6	T9	Rumen	M
6_9S	6	T9	Small_intestine	M
7_9L	7	T9	Large_intestine	F
7_9R	7	T9	Rumen	F
7_9S	7	T9	Small_intestine	F
8_9L	8	T9	Large_intestine	M
8_9R	8	T9	Rumen	M
8_9S	8	T9	Small_intestine	M
9_9L	9	T9	Large_intestine	M
9_9R	9	T9	Rumen	M
9_9S	9	T9	Small_intestine	M
Diet1	Diet1	""	Diet	""
Diet2	Diet2	""	Diet	""
Milk1	Milk1	""	Milk	""
Milk2	Milk2	""	Milk	""
Milk3	Milk3	""	Milk	""
Milk5	Milk5	""	Milk	""
Milk6	Milk6	""	Milk	""
Milk7	Milk7	""	Milk	""
